Workbook

Sheet Tracker
A1: My Data, My Code - Daily Activity Tracker
A2: Name | B2: Prince
A3: Registration No. | B3: 12618091
A4: Course | B4: D2301
A5: Month | B5: August - October 2026
A8: Date | B8: Day | C8: Month | D8: Sleep (min) | E8: Fitness (min) | F8: Study (min) | G8: Coding (min) | H8: Classes (min) | I8: Other Activities (min) | J8: Satisfaction (1-10) | K8: Energy Level (1-10) | L8: Total Logged (min) | M8: Unlogged (min) | N8: Total Logged (hrs)
A9: 46251 | B9: =TEXT(A9,"ddd") | C9: =TEXT(A9,"mmmm") | D9: 380 | E9: 45 | F9: 168 | G9: 176 | H9: 240 | I9: 117 | J9: 7 | K9: 5 | L9: =SUM(D9:I9) | M9: =1440-L9 | N9: =ROUND(L9/60,1)
A10: 46252 | B10: =TEXT(A10,"ddd") | C10: =TEXT(A10,"mmmm") | D10: 457 | E10: 60 | F10: 190 | G10: 157 | H10: 270 | I10: 60 | J10: 7 | K10: 5 | L10: =SUM(D10:I10) | M10: =1440-L10 | N10: =ROUND(L10/60,1)
A11: 46253 | B11: =TEXT(A11,"ddd") | C11: =TEXT(A11,"mmmm") | D11: 375 | E11: 60 | F11: 42 | G11: 170 | H11: 300 | I11: 113 | J11: 5 | K11: 4 | L11: =SUM(D11:I11) | M11: =1440-L11 | N11: =ROUND(L11/60,1)
A12: 46254 | B12: =TEXT(A12,"ddd") | C12: =TEXT(A12,"mmmm") | D12: 441 | E12: 45 | F12: 171 | G12: 208 | H12: 240 | I12: 245 | J12: 6 | K12: 6 | L12: =SUM(D12:I12) | M12: =1440-L12 | N12: =ROUND(L12/60,1)
A13: 46255 | B13: =TEXT(A13,"ddd") | C13: =TEXT(A13,"mmmm") | D13: 424 | E13: 30 | F13: 157 | G13: 81 | H13: 360 | I13: 139 | J13: 4 | K13: 6 | L13: =SUM(D13:I13) | M13: =1440-L13 | N13: =ROUND(L13/60,1)
A14: 46256 | B14: =TEXT(A14,"ddd") | C14: =TEXT(A14,"mmmm") | D14: 443 | E14: 60 | F14: 148 | G14: 68 | H14: 180 | I14: 209 | J14: 7 | K14: 7 | L14: =SUM(D14:I14) | M14: =1440-L14 | N14: =ROUND(L14/60,1)
A15: 46257 | B15: =TEXT(A15,"ddd") | C15: =TEXT(A15,"mmmm") | D15: 458 | E15: 75 | F15: 102 | G15: 125 | H15: 0 | I15: 161 | J15: 8 | K15: 6 | L15: =SUM(D15:I15) | M15: =1440-L15 | N15: =ROUND(L15/60,1)
A16: 46258 | B16: =TEXT(A16,"ddd") | C16: =TEXT(A16,"mmmm") | D16: 457 | E16: 60 | F16: 171 | G16: 177 | H16: 240 | I16: 207 | J16: 6 | K16: 5 | L16: =SUM(D16:I16) | M16: =1440-L16 | N16: =ROUND(L16/60,1)
A17: 46259 | B17: =TEXT(A17,"ddd") | C17: =TEXT(A17,"mmmm") | D17: 362 | E17: 0 | F17: 199 | G17: 154 | H17: 330 | I17: 96 | J17: 4 | K17: 3 | L17: =SUM(D17:I17) | M17: =1440-L17 | N17: =ROUND(L17/60,1)
A18: 46260 | B18: =TEXT(A18,"ddd") | C18: =TEXT(A18,"mmmm") | D18: 381 | E18: 60 | F18: 160 | G18: 184 | H18: 300 | I18: 203 | J18: 5 | K18: 6 | L18: =SUM(D18:I18) | M18: =1440-L18 | N18: =ROUND(L18/60,1)
A19: 46261 | B19: =TEXT(A19,"ddd") | C19: =TEXT(A19,"mmmm") | D19: 490 | E19: 60 | F19: 142 | G19: 155 | H19: 270 | I19: 135 | J19: 8 | K19: 6 | L19: =SUM(D19:I19) | M19: =1440-L19 | N19: =ROUND(L19/60,1)
A20: 46262 | B20: =TEXT(A20,"ddd") | C20: =TEXT(A20,"mmmm") | D20: 388 | E20: 60 | F20: 173 | G20: 170 | H20: 300 | I20: 111 | J20: 5 | K20: 5 | L20: =SUM(D20:I20) | M20: =1440-L20 | N20: =ROUND(L20/60,1)
... A32: 46274 | B32: =TEXT(A32,"ddd") | C32: =TEXT(A32,"mmmm") | D32: 381 | E32: 60 | F32: 159 | G32: 191 | H32: 360 | I32: 103 | J32: 4 | K32: 5 | L32: =SUM(D32:I32) | M32: =1440-L32 | N32: =ROUND(L32/60,1)
A33: 46275 | B33: =TEXT(A33,"ddd") | C33: =TEXT(A33,"mmmm") | D33: 461 | E33: 55

Sheet Summary
A1: Summary (auto-calculated from Tracker)
A3: Average per day
A4: Month | B4: Days Logged | C4: Avg Sleep | D4: Avg Fitness | E4: Avg Study | F4: Avg Coding | G4: Avg Classes | H4: Avg Other | I4: Avg Satisfaction | J4: Avg Energy
A5: August | B5: =COUNTIFS(Tracker!$C$9:$C$356,A5) | C5: =IFERROR(ROUND(AVERAGEIFS(Tracker!$D$9:$D$356,Tracker!$C$9:$C$356,$A5),1),0) | D5: =IFERROR(ROUND(AVERAGEIFS(Tracker!$E$9:$E$356,Tracker!$C$9:$C$356,$A5),1),0) | E5: =IFERROR(ROUND(AVERAGEIFS(Tracker!$F$9:$F$356,Tracker!$C$9:$C$356,$A5),1),0) | F5: =IFERROR(ROUND(AVERAGEIFS(Tracker!$G$9:$G$356,Tracker!$C$9:$C$356,$A5),1),0) | G5: =IFERROR(ROUND(AVERAGEIFS(Tracker!$H$9:$H$356,Tracker!$C$9:$C$356,$A5),1),0) | H5: =IFERROR(ROUND(AVERAGEIFS(Tracker!$I$9:$I$356,Tracker!$C$9:$C$356,$A5),1),0) | I5: =IFERROR(ROUND(AVERAGEIFS(Tracker!$J$9:$J$356,Tracker!$C$9:$C$356,$A5),1),0) | J5: =IFERROR(ROUND(AVERAGEIFS(Tracker!$K$9:$K$356,Tracker!$C$9:$C$356,$A5),1),0)
A6: September | B6: =COUNTIFS(Tracker!$C$9:$C$356,A6) | C6: =IFERROR(ROUND(AVERAGEIFS(Tracker!$D$9:$D$356,Tracker!$C$9:$C$356,$A6),1),0) | D6: =IFERROR(ROUND(AVERAGEIFS(Tracker!$E$9:$E$356,Tracker!$C$9:$C$356,$A6),1),0) | E6: =IFERROR(ROUND(AVERAGEIFS(Tracker!$F$9:$F$356,Tracker!$C$9:$C$356,$A6),1),0) | F6: =IFERROR(ROUND(AVERAGEIFS(Tracker!$G$9:$G$356,Tracker!$C$9:$C$356,$A6),1),0) | G6: =IFERROR(ROUND(AVERAGEIFS(Tracker!$H$9:$H$356,Tracker!$C$9:$C$356,$A6),1),0) | H6: =IFERROR(ROUND(AVERAGEIFS(Tracker!$I$9:$I$356,Tracker!$C$9:$C$356,$A6),1),0) | I6: =IFERROR(ROUND(AVERAGEIFS(Tracker!$J$9:$J$356,Tracker!$C$9:$C$356,$A6),1),0) | J6: =IFERROR(ROUND(AVERAGEIFS(Tracker!$K$9:$K$356,Tracker!$C$9:$C$356,$A6),1),0)
A7: October | B7: =COUNTIFS(Tracker!$C$9:$C$356,A7) | C7: =IFERROR(ROUND(AVERAGEIFS(Tracker!$D$9:$D$356,Tracker!$C$9:$C$356,$A7),1),0) | D7: =IFERROR(ROUND(AVERAGEIFS(Tracker!$E$9:$E$356,Tracker!$C$9:$C$356,$A7),1),0) | E7: =IFERROR(ROUND(AVERAGEIFS(Tracker!$F$9:$F$356,Tracker!$C$9:$C$356,$A7),1),0) | F7: =IFERROR(ROUND(AVERAGEIFS(Tracker!$G$9:$G$356,Tracker!$C$9:$C$356,$A7),1),0) | G7: =IFERROR(ROUND(AVERAGEIFS(Tracker!$H$9:$H$356,Tracker!$C$9:$C$356,$A7),1),0) | H7: =IFERROR(ROUND(AVERAGEIFS(Tracker!$I$9:$I$356,Tracker!$C$9:$C$356,$A7),1),0) | I7: =IFERROR(ROUND(AVERAGEIFS(Tracker!$J$9:$J$356,Tracker!$C$9:$C$356,$A7),1),0) | J7: =IFERROR(ROUND(AVERAGEIFS(Tracker!$K$9:$K$356,Tracker!$C$9:$C$356,$A7),1),0)
A8: Overall | B8: =COUNT(Tracker!$A$9:$A$356) | C8: =IFERROR(ROUND(AVERAGE(Tracker!$D$9:$D$356),1),0) | D8: =IFERROR(ROUND(AVERAGE(Tracker!$E$9:$E$356),1),0) | E8: =IFERROR(ROUND(AVERAGE(Tracker!$F$9:$F$356),1),0) | F8: =IFERROR(ROUND(AVERAGE(Tracker!$G$9:$G$356),1),0) | G8: =IFERROR(ROUND(AVERAGE(Tracker!$H$9:$H$356),1),0) | H8: =IFERROR(ROUND(AVERAGE(Tracker!$I$9:$I$356),1),0) | I8: =IFERROR(ROUND(AVERAGE(Tracker!$J$9:$J$356),1),0) | J8: =IFERROR(ROUND(AVERAGE(Tracker!$K$9:$K$356),1),0)
A10: Totals (minutes)
A11: Total Coding (hrs) | B11: =ROUND(SUM(Tracker!$G$9:$G$356)/60,1)
A12: Total Study (hrs) | B12: =ROUND(SUM(Tracker!$F$9:$F$356)/60,1)
A13: Total Fitness (hrs) | B13: =ROUND(SUM(Tracker!$E$9:$E$356)/60,1)
A14: Best Satisfaction Day | B14: {=INDEX(Tracker!$A$9:$A$356,MATCH(MAX(Tracker!$J$9:$J$356),Tracker!$J$9:$J$356,0))}
